Time,S,E,I,R
0.0,99.0,1.0,0.0,0.0
0.041016657914881786,99.0,0.0,1.0,1.0
0.0664930414067259,99.0,0.0,0.0,0.0